<metadata xml:lang="en"><Esri><CreaDate>20161025</CreaDate><CreaTime>16300300</CreaTime><ArcGISFormat>1.0</ArcGISFormat><SyncOnce>FALSE</SyncOnce><DataProperties><lineage><Process ToolSource="C:\Program Files\ArcGIS\Desktop10.0\ArcToolbox\Toolboxes\Data Management Tools.tbx\CreateFeatureclass" Date="20150722" Time="132443" Name="" export="">CreateFeatureclass R:\GIS_publication_refresh\ReferenceData\ReferenceData.gdb lusymbol POLYLINE # DISABLED DISABLED "PROJCS['NAD_1927_StatePlane_Wisconsin_South_FIPS_4803',GEOGCS['GCS_North_American_1927',DATUM['D_North_American_1927',SPHEROID['Clarke_1866',6378206.4,294.9786982]],PRIMEM['Greenwich',0.0],UNIT['Degree',0.0174532925199433]],PROJECTION['Lambert_Conformal_Conic'],PARAMETER['False_Easting',2000000.0],PARAMETER['False_Northing',0.0],PARAMETER['Central_Meridian',-90.0],PARAMETER['Standard_Parallel_1',42.73333333333333],PARAMETER['Standard_Parallel_2',44.06666666666667],PARAMETER['Latitude_Of_Origin',42.0],UNIT['Foot_US',0.3048006096012192]];-118083400 -97411200 3048.00609601219;-100000 10000;-100000 10000;3.28083333333333E-03;0.001;0.001;IsHighPrecision" # 0 0 0</Process><Process ToolSource="C:\Program Files\ArcGIS\Desktop10.0\ArcToolbox\Toolboxes\Data Management Tools.tbx\AddField" Date="20150722" Time="132445" Name="" export="">AddField R:\GIS_publication_refresh\ReferenceData\ReferenceData.gdb\lusymbol LEVEL_ LONG # # # # NULLABLE NON_REQUIRED #</Process><Process ToolSource="C:\Program Files\ArcGIS\Desktop10.0\ArcToolbox\Toolboxes\Data Management Tools.tbx\AddField" Date="20150722" Time="132820" Name="" export="">AddField R:\GIS_publication_refresh\ReferenceData\ReferenceData.gdb\lusymbol GIS_DATETIME DATE # # # # NULLABLE NON_REQUIRED #</Process><Process ToolSource="C:\Program Files\ArcGIS\Desktop10.0\ArcToolbox\Toolboxes\Data Management Tools.tbx\CalculateField" Date="20150722" Time="132910" Name="" export="">CalculateField R:\GIS_publication_refresh\ReferenceData\ReferenceData.gdb\lusymbol GIS_DATETIME Now() VB #</Process><Process ToolSource="C:\Program Files\ArcGIS\Desktop10.0\ArcToolbox\Toolboxes\Conversion Tools.tbx\FeatureClassToFeatureClass" Date="20150722" Time="134904" Name="" export="">FeatureClassToFeatureClass R:\GIS_publication_refresh\ReferenceData\ReferenceData.gdb\lusymbol "Database Connections\sde_publication.sde\SDE_PUBLICATION.ReferenceData" lusymbol2 # "LEVEL_ "LEVEL_" true true false 4 Long 0 0 ,First,#,R:\GIS_publication_refresh\ReferenceData\ReferenceData.gdb\lusymbol,LEVEL_,-1,-1;GIS_DATETIME "GIS_DATETIME" true true false 8 Date 0 0 ,First,#,R:\GIS_publication_refresh\ReferenceData\ReferenceData.gdb\lusymbol,GIS_DATETIME,-1,-1" #</Process><Process ToolSource="C:\Program Files\ArcGIS\Desktop10.0\ArcToolbox\Toolboxes\Data Management Tools.tbx\DeleteFeatures" Date="20150803" Time="082045">DeleteFeatures R:\GIS_publication_refresh\ReferenceData\sde_publication.sde\SDE_PUBLICATION.lusymbol</Process><Process ToolSource="C:\Program Files\ArcGIS\Desktop10.0\ArcToolbox\Toolboxes\Data Management Tools.tbx\Append" Date="20150803" Time="083612">Append R:\GIS_publication_refresh\ReferenceData\ReferenceData.gdb\lusymbol R:\GIS_publication_refresh\ReferenceData\sde_publication.sde\SDE_PUBLICATION.lusymbol TEST # #</Process><Process ToolSource="c:\program files (x86)\arcgis\desktop10.2\ArcToolbox\Toolboxes\Data Management Tools.tbx\DeleteFeatures" Date="20150811" Time="093553">DeleteFeatures O:\GIS_publication_refresh\ReferenceData\sde_publication.sde\SDE_PUBLICATION.lusymbol</Process><Process ToolSource="c:\program files (x86)\arcgis\desktop10.2\ArcToolbox\Toolboxes\Data Management Tools.tbx\Append" Date="20150811" Time="095036">Append O:\GIS_publication_refresh\ReferenceData\ReferenceData.gdb\lusymbol O:\GIS_publication_refresh\ReferenceData\sde_publication.sde\SDE_PUBLICATION.lusymbol TEST # #</Process><Process ToolSource="c:\program files (x86)\arcgis\desktop10.2\ArcToolbox\Toolboxes\Data Management Tools.tbx\DeleteFeatures" Date="20150824" Time="101655">DeleteFeatures O:\GIS_publication_refresh\ReferenceData\sde_publication.sde\SDE_PUBLICATION.lusymbol</Process><Process ToolSource="c:\program files (x86)\arcgis\desktop10.2\ArcToolbox\Toolboxes\Data Management Tools.tbx\Append" Date="20150824" Time="103111">Append O:\GIS_publication_refresh\ReferenceData\ReferenceData.gdb\lusymbol O:\GIS_publication_refresh\ReferenceData\sde_publication.sde\SDE_PUBLICATION.lusymbol TEST # #</Process><Process ToolSource="c:\program files (x86)\arcgis\desktop10.2\ArcToolbox\Toolboxes\Data Management Tools.tbx\DeleteFeatures" Date="20151006" Time="143726">DeleteFeatures O:\GIS_publication_refresh\ReferenceData\sde_publication.sde\SDE_PUBLICATION.lusymbol</Process><Process ToolSource="c:\program files (x86)\arcgis\desktop10.2\ArcToolbox\Toolboxes\Data Management Tools.tbx\Append" Date="20151006" Time="144956">Append O:\GIS_publication_refresh\ReferenceData\ReferenceData.gdb\lusymbol O:\GIS_publication_refresh\ReferenceData\sde_publication.sde\SDE_PUBLICATION.lusymbol TEST # #</Process><Process ToolSource="c:\program files (x86)\arcgis\desktop10.2\ArcToolbox\Toolboxes\Data Management Tools.tbx\DeleteFeatures" Date="20160129" Time="133626">DeleteFeatures O:\GIS_publication_refresh\ReferenceData\sde_publication.sde\SDE_PUBLICATION.lusymbol</Process><Process ToolSource="c:\program files (x86)\arcgis\desktop10.2\ArcToolbox\Toolboxes\Data Management Tools.tbx\Append" Date="20160129" Time="134959">Append O:\GIS_publication_refresh\ReferenceData\ReferenceData.gdb\lusymbol O:\GIS_publication_refresh\ReferenceData\sde_publication.sde\SDE_PUBLICATION.lusymbol TEST # #</Process><Process ToolSource="C:\Program Files (x86)\ArcGIS\Desktop10.0\ArcToolbox\Toolboxes\Data Management Tools.tbx\DeleteFeatures" Date="20160315" Time="082439">DeleteFeatures D:\tasklib\GIS_publication_refresh\ReferenceData\sde_publication.sde\SDE_PUBLICATION.lusymbol</Process><Process ToolSource="C:\Program Files (x86)\ArcGIS\Desktop10.0\ArcToolbox\Toolboxes\Data Management Tools.tbx\Append" Date="20160315" Time="084137">Append D:\tasklib\GIS_publication_refresh\ReferenceData\ReferenceData.gdb\lusymbol D:\tasklib\GIS_publication_refresh\ReferenceData\sde_publication.sde\SDE_PUBLICATION.lusymbol TEST # #</Process><Process ToolSource="c:\program files (x86)\arcgis\desktop10.2\ArcToolbox\Toolboxes\Data Management Tools.tbx\DeleteFeatures" Date="20160708" Time="155215">DeleteFeatures O:\GIS_publication_refresh\ReferenceData\sde_publication.sde\SDE_PUBLICATION.lusymbol</Process><Process ToolSource="c:\program files (x86)\arcgis\desktop10.2\ArcToolbox\Toolboxes\Data Management Tools.tbx\Append" Date="20160708" Time="160252">Append O:\GIS_publication_refresh\ReferenceData\ReferenceData.gdb\lusymbol O:\GIS_publication_refresh\ReferenceData\sde_publication.sde\SDE_PUBLICATION.lusymbol TEST # #</Process><Process ToolSource="c:\program files (x86)\arcgis\desktop10.4\ArcToolbox\Toolboxes\Data Management Tools.tbx\DeleteFeatures" Date="20170424" Time="091435">DeleteFeatures D:\tasklib\GIS_publication_refresh\ReferenceData\sde_publication.sde\SDE_PUBLICATION.lusymbol</Process><Process ToolSource="c:\program files (x86)\arcgis\desktop10.4\ArcToolbox\Toolboxes\Data Management Tools.tbx\Append" Date="20170424" Time="092642">Append D:\tasklib\GIS_publication_refresh\ReferenceData\ReferenceData.gdb\lusymbol D:\tasklib\GIS_publication_refresh\ReferenceData\sde_publication.sde\SDE_PUBLICATION.lusymbol NO_TEST "LEVEL_ "LEVEL_" true true false 4 Long 0 10 ,First,#,D:\tasklib\GIS_publication_refresh\ReferenceData\ReferenceData.gdb\lusymbol,LEVEL_,-1,-1;GIS_DATETIME "GIS_DATETIME" true true false 8 Date 0 0 ,First,#,D:\tasklib\GIS_publication_refresh\ReferenceData\ReferenceData.gdb\lusymbol,GIS_DATETIME,-1,-1;SHAPE.LEN "SHAPE.LEN" false false true 0 Double 0 0 ,First,#" #</Process><Process ToolSource="c:\program files (x86)\arcgis\desktop10.4\ArcToolbox\Toolboxes\Data Management Tools.tbx\DeleteFeatures" Date="20170425" Time="111150">DeleteFeatures D:\tasklib\GIS_publication_refresh\ReferenceData\sde_publication.sde\SDE_PUBLICATION.lusymbol</Process><Process ToolSource="c:\program files (x86)\arcgis\desktop10.4\ArcToolbox\Toolboxes\Data Management Tools.tbx\Append" Date="20170425" Time="112449">Append D:\tasklib\GIS_publication_refresh\ReferenceData\ReferenceData.gdb\lusymbol D:\tasklib\GIS_publication_refresh\ReferenceData\sde_publication.sde\SDE_PUBLICATION.lusymbol NO_TEST "LEVEL_ "LEVEL_" true true false 4 Long 0 10 ,First,#,D:\tasklib\GIS_publication_refresh\ReferenceData\ReferenceData.gdb\lusymbol,LEVEL_,-1,-1;GIS_DATETIME "GIS_DATETIME" true true false 8 Date 0 0 ,First,#,D:\tasklib\GIS_publication_refresh\ReferenceData\ReferenceData.gdb\lusymbol,GIS_DATETIME,-1,-1;SHAPE.LEN "SHAPE.LEN" false false true 0 Double 0 0 ,First,#" #</Process><Process ToolSource="c:\program files (x86)\arcgis\desktop10.4\ArcToolbox\Toolboxes\Data Management Tools.tbx\DeleteFeatures" Date="20170712" Time="114105">DeleteFeatures D:\tasklib\GIS_publication_refresh\ReferenceData\sde_publication.sde\SDE_PUBLICATION.lusymbol</Process><Process ToolSource="c:\program files (x86)\arcgis\desktop10.4\ArcToolbox\Toolboxes\Data Management Tools.tbx\Append" Date="20170712" Time="115702">Append D:\tasklib\GIS_publication_refresh\ReferenceData\ReferenceData.gdb\lusymbol D:\tasklib\GIS_publication_refresh\ReferenceData\sde_publication.sde\SDE_PUBLICATION.lusymbol NO_TEST "LEVEL_ "LEVEL_" true true false 4 Long 0 10 ,First,#,D:\tasklib\GIS_publication_refresh\ReferenceData\ReferenceData.gdb\lusymbol,LEVEL_,-1,-1;GIS_DATETIME "GIS_DATETIME" true true false 8 Date 0 0 ,First,#,D:\tasklib\GIS_publication_refresh\ReferenceData\ReferenceData.gdb\lusymbol,GIS_DATETIME,-1,-1;SHAPE.LEN "SHAPE.LEN" false false true 0 Double 0 0 ,First,#" #</Process><Process ToolSource="c:\program files (x86)\arcgis\desktop10.4\ArcToolbox\Toolboxes\Data Management Tools.tbx\DeleteFeatures" Date="20170804" Time="104132">DeleteFeatures D:\tasklib\GIS_publication_refresh\ReferenceData\sde_publication.sde\SDE_PUBLICATION.lusymbol</Process><Process ToolSource="c:\program files (x86)\arcgis\desktop10.4\ArcToolbox\Toolboxes\Data Management Tools.tbx\Append" Date="20170804" Time="105706">Append D:\tasklib\GIS_publication_refresh\ReferenceData\ReferenceData.gdb\lusymbol D:\tasklib\GIS_publication_refresh\ReferenceData\sde_publication.sde\SDE_PUBLICATION.lusymbol NO_TEST "LEVEL_ "LEVEL_" true true false 4 Long 0 10 ,First,#,D:\tasklib\GIS_publication_refresh\ReferenceData\ReferenceData.gdb\lusymbol,LEVEL_,-1,-1;GIS_DATETIME "GIS_DATETIME" true true false 8 Date 0 0 ,First,#,D:\tasklib\GIS_publication_refresh\ReferenceData\ReferenceData.gdb\lusymbol,GIS_DATETIME,-1,-1;SHAPE.LEN "SHAPE.LEN" false false true 0 Double 0 0 ,First,#" #</Process><Process ToolSource="c:\program files (x86)\arcgis\desktop10.4\ArcToolbox\Toolboxes\Data Management Tools.tbx\DeleteFeatures" Date="20170901" Time="092231">DeleteFeatures O:\GIS_publication_refresh\ReferenceData\sde_publication.sde\SDE_PUBLICATION.lusymbol</Process><Process ToolSource="c:\program files (x86)\arcgis\desktop10.4\ArcToolbox\Toolboxes\Data Management Tools.tbx\Append" Date="20170901" Time="093122">Append O:\GIS_publication_refresh\ReferenceData\ReferenceData.gdb\lusymbol O:\GIS_publication_refresh\ReferenceData\sde_publication.sde\SDE_PUBLICATION.lusymbol NO_TEST "LEVEL_ "LEVEL_" true true false 4 Long 0 10 ,First,#,O:\GIS_publication_refresh\ReferenceData\ReferenceData.gdb\lusymbol,LEVEL_,-1,-1;GIS_DATETIME "GIS_DATETIME" true true false 8 Date 0 0 ,First,#,O:\GIS_publication_refresh\ReferenceData\ReferenceData.gdb\lusymbol,GIS_DATETIME,-1,-1;SHAPE.LEN "SHAPE.LEN" false false true 0 Double 0 0 ,First,#" #</Process><Process ToolSource="c:\program files (x86)\arcgis\desktop10.4\ArcToolbox\Toolboxes\Data Management Tools.tbx\DeleteFeatures" Date="20171006" Time="090834">DeleteFeatures D:\tasklib\GIS_publication_refresh\ReferenceData\sde_publication.sde\SDE_PUBLICATION.lusymbol</Process><Process ToolSource="c:\program files (x86)\arcgis\desktop10.4\ArcToolbox\Toolboxes\Data Management Tools.tbx\Append" Date="20171006" Time="092407">Append D:\tasklib\GIS_publication_refresh\ReferenceData\ReferenceData.gdb\lusymbol D:\tasklib\GIS_publication_refresh\ReferenceData\sde_publication.sde\SDE_PUBLICATION.lusymbol NO_TEST "LEVEL_ "LEVEL_" true true false 4 Long 0 10 ,First,#,D:\tasklib\GIS_publication_refresh\ReferenceData\ReferenceData.gdb\lusymbol,LEVEL_,-1,-1;GIS_DATETIME "GIS_DATETIME" true true false 8 Date 0 0 ,First,#,D:\tasklib\GIS_publication_refresh\ReferenceData\ReferenceData.gdb\lusymbol,GIS_DATETIME,-1,-1;SHAPE.LEN "SHAPE.LEN" false false true 0 Double 0 0 ,First,#" #</Process><Process ToolSource="c:\program files (x86)\arcgis\desktop10.4\ArcToolbox\Toolboxes\Data Management Tools.tbx\DeleteFeatures" Date="20171103" Time="114213">DeleteFeatures D:\tasklib\GIS_publication_refresh\ReferenceData\sde_publication.sde\SDE_PUBLICATION.lusymbol</Process><Process ToolSource="c:\program files (x86)\arcgis\desktop10.4\ArcToolbox\Toolboxes\Data Management Tools.tbx\Append" Date="20171103" Time="115421">Append D:\tasklib\GIS_publication_refresh\ReferenceData\ReferenceData.gdb\lusymbol D:\tasklib\GIS_publication_refresh\ReferenceData\sde_publication.sde\SDE_PUBLICATION.lusymbol NO_TEST "LEVEL_ "LEVEL_" true true false 4 Long 0 10 ,First,#,D:\tasklib\GIS_publication_refresh\ReferenceData\ReferenceData.gdb\lusymbol,LEVEL_,-1,-1;GIS_DATETIME "GIS_DATETIME" true true false 8 Date 0 0 ,First,#,D:\tasklib\GIS_publication_refresh\ReferenceData\ReferenceData.gdb\lusymbol,GIS_DATETIME,-1,-1;SHAPE.LEN "SHAPE.LEN" false false true 0 Double 0 0 ,First,#" #</Process><Process ToolSource="c:\program files (x86)\arcgis\desktop10.4\ArcToolbox\Toolboxes\Data Management Tools.tbx\DeleteFeatures" Date="20171201" Time="105122">DeleteFeatures O:\GIS_publication_refresh\ReferenceData\sde_publication.sde\SDE_PUBLICATION.lusymbol</Process><Process ToolSource="c:\program files (x86)\arcgis\desktop10.4\ArcToolbox\Toolboxes\Data Management Tools.tbx\Append" Date="20171201" Time="111351">Append O:\GIS_publication_refresh\ReferenceData\ReferenceData.gdb\lusymbol O:\GIS_publication_refresh\ReferenceData\sde_publication.sde\SDE_PUBLICATION.lusymbol NO_TEST "LEVEL_ "LEVEL_" true true false 4 Long 0 10 ,First,#,O:\GIS_publication_refresh\ReferenceData\ReferenceData.gdb\lusymbol,LEVEL_,-1,-1;GIS_DATETIME "GIS_DATETIME" true true false 8 Date 0 0 ,First,#,O:\GIS_publication_refresh\ReferenceData\ReferenceData.gdb\lusymbol,GIS_DATETIME,-1,-1;SHAPE.LEN "SHAPE.LEN" false false true 0 Double 0 0 ,First,#" #</Process><Process ToolSource="c:\program files (x86)\arcgis\desktop10.4\ArcToolbox\Toolboxes\Data Management Tools.tbx\DeleteFeatures" Date="20180108" Time="165120">DeleteFeatures D:\tasklib\GIS_publication_refresh\ReferenceData\sde_publication.sde\SDE_PUBLICATION.lusymbol</Process><Process ToolSource="c:\program files (x86)\arcgis\desktop10.4\ArcToolbox\Toolboxes\Data Management Tools.tbx\Append" Date="20180108" Time="170601">Append D:\tasklib\GIS_publication_refresh\ReferenceData\ReferenceData.gdb\lusymbol D:\tasklib\GIS_publication_refresh\ReferenceData\sde_publication.sde\SDE_PUBLICATION.lusymbol NO_TEST "LEVEL_ "LEVEL_" true true false 4 Long 0 10 ,First,#,D:\tasklib\GIS_publication_refresh\ReferenceData\ReferenceData.gdb\lusymbol,LEVEL_,-1,-1;GIS_DATETIME "GIS_DATETIME" true true false 8 Date 0 0 ,First,#,D:\tasklib\GIS_publication_refresh\ReferenceData\ReferenceData.gdb\lusymbol,GIS_DATETIME,-1,-1;SHAPE.LEN "SHAPE.LEN" false false true 0 Double 0 0 ,First,#" #</Process><Process ToolSource="c:\program files (x86)\arcgis\desktop10.4\ArcToolbox\Toolboxes\Data Management Tools.tbx\DeleteFeatures" Date="20180202" Time="112802">DeleteFeatures O:\GIS_publication_refresh\ReferenceData\sde_publication.sde\SDE_PUBLICATION.lusymbol</Process><Process ToolSource="c:\program files (x86)\arcgis\desktop10.4\ArcToolbox\Toolboxes\Data Management Tools.tbx\Append" Date="20180202" Time="113931">Append O:\GIS_publication_refresh\ReferenceData\ReferenceData.gdb\lusymbol O:\GIS_publication_refresh\ReferenceData\sde_publication.sde\SDE_PUBLICATION.lusymbol NO_TEST "LEVEL_ "LEVEL_" true true false 4 Long 0 10 ,First,#,O:\GIS_publication_refresh\ReferenceData\ReferenceData.gdb\lusymbol,LEVEL_,-1,-1;GIS_DATETIME "GIS_DATETIME" true true false 8 Date 0 0 ,First,#,O:\GIS_publication_refresh\ReferenceData\ReferenceData.gdb\lusymbol,GIS_DATETIME,-1,-1;SHAPE.LEN "SHAPE.LEN" false false true 0 Double 0 0 ,First,#" #</Process><Process ToolSource="c:\program files (x86)\arcgis\desktop10.4\ArcToolbox\Toolboxes\Conversion Tools.tbx\FeatureClassToFeatureClass" Date="20180205" Time="042351">FeatureClassToFeatureClass D:\tasklib\GIS_publication_refresh\Shapelib\sde_publication_ro.sde\SDE_PUBLICATION.lusymbol \\10.30.1.66\shapelib lusymbol # "LEVEL_ "LEVEL_" true true false 4 Long 0 10 ,First,#,D:\tasklib\GIS_publication_refresh\Shapelib\sde_publication_ro.sde\SDE_PUBLICATION.lusymbol,LEVEL_,-1,-1;GIS_DATETI "GIS_DATETIME" true true false 8 Date 0 0 ,First,#,D:\tasklib\GIS_publication_refresh\Shapelib\sde_publication_ro.sde\SDE_PUBLICATION.lusymbol,GIS_DATETIME,-1,-1;SHAPE_LEN "SHAPE_LEN" false false true 0 Double 0 0 ,First,#,D:\tasklib\GIS_publication_refresh\Shapelib\sde_publication_ro.sde\SDE_PUBLICATION.lusymbol,SHAPE.LEN,-1,-1" #</Process></lineage><itemProps><itemName Sync="TRUE">lusymbol</itemName><imsContentType Sync="TRUE">002</imsContentType><itemLocation><linkage Sync="TRUE">file://\\10.30.1.66\shapelib\lusymbol.shp</linkage><protocol Sync="TRUE">Local Area Network</protocol></itemLocation><itemSize Sync="TRUE">0.000</itemSize></itemProps><coordRef><type Sync="TRUE">Projected</type><geogcsn Sync="TRUE">GCS_North_American_1927</geogcsn><csUnits Sync="TRUE">Linear Unit: Foot_US (0.304801)</csUnits><projcsn Sync="TRUE">NAD_1927_StatePlane_Wisconsin_South_FIPS_4803</projcsn><peXml Sync="TRUE">&lt;ProjectedCoordinateSystem xsi:type='typens:ProjectedCoordinateSystem' xmlns:xsi='http://www.w3.org/2001/XMLSchema-instance' xmlns:xs='http://www.w3.org/2001/XMLSchema' xmlns:typens='http://www.esri.com/schemas/ArcGIS/10.4'&gt;&lt;WKT&gt;PROJCS[&amp;quot;NAD_1927_StatePlane_Wisconsin_South_FIPS_4803&amp;quot;,GEOGCS[&amp;quot;GCS_North_American_1927&amp;quot;,DATUM[&amp;quot;D_North_American_1927&amp;quot;,SPHEROID[&amp;quot;Clarke_1866&amp;quot;,6378206.4,294.9786982]],PRIMEM[&amp;quot;Greenwich&amp;quot;,0.0],UNIT[&amp;quot;Degree&amp;quot;,0.0174532925199433]],PROJECTION[&amp;quot;Lambert_Conformal_Conic&amp;quot;],PARAMETER[&amp;quot;False_Easting&amp;quot;,2000000.0],PARAMETER[&amp;quot;False_Northing&amp;quot;,0.0],PARAMETER[&amp;quot;Central_Meridian&amp;quot;,-90.0],PARAMETER[&amp;quot;Standard_Parallel_1&amp;quot;,42.73333333333333],PARAMETER[&amp;quot;Standard_Parallel_2&amp;quot;,44.06666666666667],PARAMETER[&amp;quot;Latitude_Of_Origin&amp;quot;,42.0],UNIT[&amp;quot;Foot_US&amp;quot;,0.3048006096012192],AUTHORITY[&amp;quot;EPSG&amp;quot;,32054]]&lt;/WKT&gt;&lt;XOrigin&gt;-118083400&lt;/XOrigin&gt;&lt;YOrigin&gt;-97411200&lt;/YOrigin&gt;&lt;XYScale&gt;37503931.662248865&lt;/XYScale&gt;&lt;ZOrigin&gt;-100000&lt;/ZOrigin&gt;&lt;ZScale&gt;10000&lt;/ZScale&gt;&lt;MOrigin&gt;-100000&lt;/MOrigin&gt;&lt;MScale&gt;10000&lt;/MScale&gt;&lt;XYTolerance&gt;0.0032808333333333331&lt;/XYTolerance&gt;&lt;ZTolerance&gt;0.001&lt;/ZTolerance&gt;&lt;MTolerance&gt;0.001&lt;/MTolerance&gt;&lt;HighPrecision&gt;true&lt;/HighPrecision&gt;&lt;WKID&gt;32054&lt;/WKID&gt;&lt;LatestWKID&gt;32054&lt;/LatestWKID&gt;&lt;/ProjectedCoordinateSystem&gt;</peXml></coordRef></DataProperties><SyncDate>20180205</SyncDate><SyncTime>04215500</SyncTime><ModDate>20180205</ModDate><ModTime>04215500</ModTime><ArcGISProfile>ItemDescription</ArcGISProfile></Esri><dataIdInfo><envirDesc Sync="TRUE">Microsoft Windows Server 2008 R2 Version 6.1 (Build 7601) Service Pack 1; Esri ArcGIS 10.4.1.5686</envirDesc><dataLang><languageCode value="eng" Sync="TRUE"/><countryCode value="USA" Sync="TRUE"/></dataLang><idCitation><resTitle Sync="FALSE">lusymbol</resTitle><presForm><PresFormCd value="005" Sync="TRUE"/></presForm></idCitation><spatRpType><SpatRepTypCd value="001" Sync="TRUE"/></spatRpType><idPurp>land use and general reference symbols</idPurp><idAbs>&lt;DIV STYLE="text-align:Left;"&gt;&lt;DIV&gt;&lt;DIV&gt;&lt;P&gt;&lt;SPAN&gt;land use and general reference symbols&lt;/SPAN&gt;&lt;/P&gt;&lt;/DIV&gt;&lt;/DIV&gt;&lt;/DIV&gt;</idAbs><idCredit>City of Milwaukee DOA-ITMD-GIS</idCredit><searchKeys><keyword>Milwaukee</keyword><keyword>land use</keyword><keyword>reference</keyword></searchKeys></dataIdInfo><mdLang><languageCode value="eng" Sync="TRUE"/><countryCode value="USA" Sync="TRUE"/></mdLang><distInfo><distFormat><formatName Sync="TRUE">Shapefile</formatName></distFormat><distTranOps><transSize Sync="TRUE">0.000</transSize></distTranOps></distInfo><mdHrLv><ScopeCd value="005" Sync="TRUE"/></mdHrLv><mdHrLvName Sync="TRUE">dataset</mdHrLvName><refSysInfo><RefSystem><refSysID><identCode code="32054" Sync="TRUE"/><idCodeSpace Sync="TRUE">EPSG</idCodeSpace><idVersion Sync="TRUE">2.1(3.0.1)</idVersion></refSysID></RefSystem></refSysInfo><spatRepInfo><VectSpatRep><geometObjs Name="lusymbol"><geoObjTyp><GeoObjTypCd value="002" Sync="TRUE"></GeoObjTypCd></geoObjTyp><geoObjCnt Sync="TRUE">0</geoObjCnt></geometObjs><topLvl><TopoLevCd value="001" Sync="TRUE"></TopoLevCd></topLvl></VectSpatRep></spatRepInfo><spdoinfo><ptvctinf><esriterm Name="lusymbol"><efeatyp Sync="TRUE">Simple</efeatyp><efeageom code="3" Sync="TRUE"></efeageom><esritopo Sync="TRUE">FALSE</esritopo><efeacnt Sync="TRUE">0</efeacnt><spindex Sync="TRUE">FALSE</spindex><linrefer Sync="TRUE">FALSE</linrefer></esriterm></ptvctinf></spdoinfo><eainfo><detailed Name="lusymbol"><enttyp><enttypl Sync="TRUE">lusymbol</enttypl><enttypt Sync="TRUE">Feature Class</enttypt><enttypc Sync="TRUE">0</enttypc></enttyp><attr><attrlabl Sync="TRUE">FID</attrlabl><attalias Sync="TRUE">FID</attalias><attrtype Sync="TRUE">OID</attrtype><attwidth Sync="TRUE">4</attwidth><atprecis Sync="TRUE">0</atprecis><attscale Sync="TRUE">0</attscale><attrdef Sync="TRUE">Internal feature number.</attrdef><attrdefs Sync="TRUE">Esri</attrdefs><attrdomv><udom Sync="TRUE">Sequential unique whole numbers that are automatically generated.</udom></attrdomv></attr><attr><attrlabl Sync="TRUE">LEVEL_</attrlabl><attalias Sync="TRUE">LEVEL_</attalias><attrtype Sync="TRUE">Integer</attrtype><attwidth Sync="TRUE">10</attwidth><atprecis Sync="TRUE">10</atprecis><attscale Sync="TRUE">0</attscale></attr><attr><attrlabl Sync="TRUE">SHAPE</attrlabl><attalias Sync="TRUE">Shape</attalias><attrtype Sync="TRUE">Geometry</attrtype><attwidth Sync="TRUE">0</attwidth><atprecis Sync="TRUE">0</atprecis><attscale Sync="TRUE">0</attscale><attrdef Sync="TRUE">Feature geometry.</attrdef><attrdefs Sync="TRUE">ESRI</attrdefs><attrdomv><udom Sync="TRUE">Coordinates defining the features.</udom></attrdomv></attr><attr><attrlabl Sync="TRUE">GIS_DATETI</attrlabl><attalias Sync="TRUE">GIS_DATETI</attalias><attrtype Sync="TRUE">Date</attrtype><attwidth Sync="TRUE">8</attwidth><atprecis Sync="TRUE">0</atprecis><attscale Sync="TRUE">0</attscale></attr><attr><attrlabl Sync="TRUE">SHAPE_LEN</attrlabl><attalias Sync="TRUE">SHAPE_LEN</attalias><attrtype Sync="TRUE">Double</attrtype><attwidth Sync="TRUE">19</attwidth><atprecis Sync="TRUE">0</atprecis><attscale Sync="TRUE">0</attscale></attr></detailed></eainfo><mdDateSt Sync="TRUE">20180205</mdDateSt></metadata>
